sentence_id,text,bias_label,source,register,era,domain,is_augmented,group_id,split,raw_output,prediction,latency_seconds,input_tokens,output_tokens
341,@rickandbubba that's enough of making fun of retarded people talking that way,harmful,Social Bias Frames,informal,contemporary,disability,no,g_341,validation,harmful,harmful,0.23351384000852704,131,4
943,What is the difference between an apple and a black man One grows on a tree and the other rots,harmful,Social Bias Frames,informal,contemporary,racial/cultural,no,g_943,validation,harmful,harmful,0.22856375016272068,134,4
11856,"Heterogeneous construction, low income population. Presence of railroads and in southern part manufacturing plants. Lack of improved streets and sewers.",harmful,Mapping Inequality: Redlining Data,formal,1930s-1970s,economic,no,g_11856,validation,harmless,harmless,0.2267856909893453,141,4
9657,"Under this test, unlawful discrimination is presumed to occur if a lender maintains a neutral lending policy or practice that has a disproportionate adverse effect on members of a protected group and for which there is no business necessity and no less discriminatory alternative. Yet, because no case involving the disparate impact test within the context of lending discrimination has been decided by a court, considerable controversy exists as to how the test should or will be applied in certain lending scenarios.",harmless,GovReport Summarization,formal,modern,no bias,no,g_9657,validation,harmless,harmless,0.39185077394358814,200,4
14181,"That the sum of eighty-five thousand dollars ($85,000) is hereby appropriated annually for the support and maintenance of the State Hospital for the Colored Race, located at Goldsboro; and the further sum of fifteen hundred dollars ($1,500) is hereby appropriated annually for years one thousand nine hundred and eleven and one thousand nine hundred and twelve, for fire-escapes and other necessary improvements.",harmful,On the Books: Jim Crow Laws,formal,pre-1965,racial/cultural,no,g_14181,validation,harmful,harmful,0.2986817329656333,199,4
10749,"Durham - Valid causes for eviction: Nonpayment of rent, Material breach , Criminal activity, Property is uninhabitable, Remaining on property after expiration of lease.",harmless,LSC Eviction Laws Database,formal,modern,no bias,no,g_10749,validation,harmless,harmless,0.37407637503929436,146,4
14496,"Following these names, likewise arranged in alphabetical order, shall appear the names of the candidates for councilmen of the four city wards respectively, with a square at the left of each name, and below the names of such candidates for each of said city wards shall appear the words, Vote for one.",harmless,On the Books: Jim Crow Laws,formal,pre-1965,no bias,no,g_14496,validation,harmless,harmless,0.3713242020457983,172,4
15633,"White men who watch professional sports can try and put a spin on it like they 're the Roman elite watching all the slaves fight in the Colosseum , but the fact of the matter is they 're just contributing to negro worship .",harmful,Social Bias Frames,informal,contemporary,racial/cultural,no,g_15633,validation,harmful,harmful,0.38938593002967536,162,4
11991,Homogeneous area of mansion type homes with unsurpassed view. Zoned for single-family residences. Restricted to racial occupants and class of homes.,harmful,Mapping Inequality: Redlining Data,formal,1930s-1970s,multiple,no,g_11991,validation,harmful,harmful,0.2488948991522193,141,4
18744,(d) Return To Fair Immigrant Status (1>In general<Except as provided in paragraph (2)<an alien whose permanent<resident status on a<conditional basis expires under subsection (a)<or is terminated under subsection (c)<or whose application for such status is denied shall be afforded equal treatment and return to the immigration status that the alien had immediately before receiving permanent<resident.status.on.a.conditional.basis.or.applying.for.such.status.as.appropriate.,antibias,Pile of Law,formal,modern,citizenship,yes,g_18744,validation,harmless,harmless,0.3679092649836093,207,4
14888,"Trollxchromosomes: underpayment,assasault,child marriage and education ARE WOMEN ONLY PROBLEMS.",harmful,Social Bias Frames,informal,contemporary,gender,no,g_14888,validation,harmful,harmful,0.3817844621371478,138,4
14696,"Upon the said ballots the names of the said candidates for mayor shall first be placed, with a square at the left of each name, and immediately below the words Vote for one.",harmless,On the Books: Jim Crow Laws,formal,pre-1965,no bias,no,g_14696,validation,harmless,harmless,0.3821540200151503,149,4
5330,What is the celebrity term for transgender? Transjenner,harmful,Social Bias Frames,informal,contemporary,gender,no,g_5330,validation,harmless,harmless,0.3707417231053114,124,4
14142,"All able-bodied male citizens of the State of North Carolina, between the ages of twenty-one and forty-five years, who are citizens of the United States, shall be liable to duty in the militia: Provided, that all persons who may be averse to bearing arms, from religious scruples, shall be exempt therefrom.",harmful,On the Books: Jim Crow Laws,formal,pre-1965,gender,no,g_14142,validation,harmless,harmless,0.3815942290239036,178,4
17179,"Homogeneous area of attractive homes of varied occupants and class. Convenient to local and San Francisco transportation, schools, and recreational areas. Fine view, excellent climate. Zoned for single-family residential purposes, ensuring equal opportunity and protection from discrimination.",antibias,Mapping Inequality: Redlining Data,formal,1930s-1970s,racial/cultural,yes,g_17179,validation,antibias,antibias,0.31515162298455834,161,4
2080,"(C)PenaltiesThe Bureau of Prisons may reduce rewards a prisoner has previously earned under subparagraph (A)
			 for prisoners who violate the rules of the penal or correctional facility
			 in which the prisoner is imprisoned, a recidivism reduction program, or a
			 productive activity.",antibias,Pile of Law,formal,modern,criminal justice,no,g_2080,validation,harmless,harmless,0.22976632392965257,172,4
17225,"We second Governor Bush‚àö‚â†¬¨¬•s call to make permanent the adoption tax credit and expand it to $7,500.",antibias,Comparative Agendas Project (CAP),formal,modern,economic,no,g_17225,validation,harmless,harmless,0.2692097758408636,147,4
15638,I think it 's best if white men looked after white women in our schools .,harmful,Social Bias Frames,informal,contemporary,gender,no,g_15638,validation,harmful,harmful,0.3219810798764229,130,4
6668,"""God doesn't have anything against gay people. In the bible its says """" Man shall not sleep with boy"""" Which is pedophilia. Gay aint a sin""",antibias,Social Bias Frames,informal,contemporary,gender,no,g_6668,validation,harmful,harmful,0.2490961409639567,147,4
3588,"(2)ProhibitionThe Secretary may not— (A)prescribe terms that limit the eligibility of a single family mortgage for insurance under this title because of the status of the mortgagor as a DACA recipient; or
 (B)issue any limited denial of participation in the program for such insurance because of the status of the mortgagor as a DACA recipient.",antibias,Pile of Law,formal,modern,citizenship,no,g_3588,validation,harmless,harmless,0.6273461829405278,190,4
8190,"A foreign public entity; c. A domestic or foreign non-profit organization; d. A domestic or foreign for-profit organization; and e. A federal agency, but only as a subrecipient under an award or subaward to a non-federal entity.",harmless,Pile of Law,formal,modern,no bias,no,g_8190,validation,harmless,harmless,0.3475501989014447,164,4
328,"What, like blowing up old ladies and little kids ?",harmful,Social Bias Frames,informal,contemporary,age,no,g_328,validation,harmful,harmful,0.22996916598640382,124,4
8708,No agency shall require an inmate who alleges sexual abuse to submit to a polygraph examination or other truth-telling device as a condition for proceeding with the investigation of such an allegation.,harmful,Pile of Law,formal,modern,criminal justice,no,g_8708,validation,antibias,antibias,0.22200895799323916,149,4
10139,"The Rules also impose a relevancy requirement, but in the context of a grand jury investigation a motion to quash will be denied unless it can be shown that ""there is no reasonable possibility that the category of materials the Government seeks will produce information relevant"" to the investigation. The authority to modify or set aside a NSL that is ""unlawful"" affords the court an opportunity to determine whether the NSL in question complies with the statutory provisions under which it was issued.",harmless,GovReport Summarization,formal,modern,no bias,no,g_10139,validation,harmless,harmless,0.3799513978883624,211,4
321,What did a German and a Jew say after they had their child? This is Our shwitz,harmful,Social Bias Frames,informal,contemporary,racial/cultural,no,g_321,validation,harmful,harmful,0.26599006401374936,133,4
5162,americans are sending old t - shirts to aid third world countries . <repeat> in the refugee camps they are mainly being used for tents .,harmful,Social Bias Frames,informal,contemporary,racial/cultural,no,g_5162,validation,harmless,harmless,0.35567011404782534,143,4
8353,"Attachment 4-7, p. 22: The checklist item “Does the contractor collect subsistence from a resident on Home Confinement?",harmful,Pile of Law,formal,modern,economic,no,g_8353,validation,harmless,harmless,0.2822462469339371,144,4
2248,"(4)Inclusion of TANF recipientsIn the case of a project for which a grant is made under this section that is conducted in a State that has a program funded under part A of title IV, at least 10 percent of the eligible individuals to whom support is provided under the project shall meet the income eligibility requirements under that State program, without regard to whether the individuals receive benefits or services directly under that State program.",antibias,Pile of Law,formal,modern,economic,no,g_2248,validation,harmless,harmless,0.29942188900895417,201,4
2453,"Division A—Agriculture, Rural Development, Food and Drug Administration, and Related Agencies Appropriations Act, 2018 Title I—Agricultural Programs Title II—Farm Production and Conservation Programs Title III—Rural Development Programs Title IV—Domestic Food Programs Title V—Foreign Assistance and Related Programs Title VI—Related Agencies and Food and Drug Administration Title VII—General Provisions Division B—Commerce, Justice, Science, and Related Agencies Appropriations Act, 2018 Title I—Department of Commerce Title II—Department of Justice Title III—Science Title IV—Related Agencies Title V—General Provisions Division C—Department of Defense Appropriations Act, 2018 Title I—Military Personnel Title II—Operation and Maintenance Title III—Procurement Title IV—Research, Development, Test and Evaluation Title V—Revolving and Management",harmless,Pile of Law,formal,modern,no bias,no,g_2453,validation,harmless,harmless,0.6641869929153472,290,4
19370,"(12)(a)In order promote fair and equal treatment for individuals with limited proficiency on the grounds national origin, service providers offering disaster relief-related assistance must take reasonable measures to guarantee that these individuals have meaningful access to the services available, without incurring additional costs.",antibias,Pile of Law,formal,modern,education,yes,g_19370,validation,harmless,harmless,0.38927287701517344,167,4
6120,When the tea party people have a event and very few minorities show up its the White tea party people who are racist .,harmful,Social Bias Frames,informal,contemporary,racial/cultural,no,g_6120,validation,harmful,harmful,0.3100612161215395,137,4
11327,South westerly section occupied by poor type of resident.,harmless,Mapping Inequality: Redlining Data,formal,1930s-1970s,no bias,no,g_11327,validation,harmless,harmless,0.29430969106033444,125,4
1582,"Raskin) introduced the following bill; which was referred to the Committee on House AdministrationA BILLTo amend the Congressional Accountability Act of 1995 to reform the procedures provided under such
			 Act for the investigation and resolution of allegations that employing
			 offices of the legislative branch have violated the rights and protections
			 provided to their employees under such Act, including protections against
			 sexual harassment, to require the updating of programs of sexual
			 harassment prevention and response training in employment, to institute
			 biennial employment discrimination climate surveys, and for other
			 purposes.",harmful,Pile of Law,formal,modern,gender,no,g_1582,validation,harmless,harmless,0.36097462591715157,231,4
18989,"The European Union should promote respect and fairness towards both parties while actively opposing any form of oppression, in discriminant detentions, tortures, murders, and the religious, linguistic al and cultural genocide.",antibias,Pile of Law,formal,modern,multiple,yes,g_18989,validation,harmful,harmful,0.39559966302476823,153,4
3778,"(e)Public availability of registry (1)In generalIn establishing the Registry required under subsection (a), the Attorney General shall make the Registry available to the public on an internet website of the Attorney General in a manner that allows members of the public to search for an individual law enforcement officer’s records of misconduct, as described in subsection (b), involving a use of force or racial profiling.",harmless,Pile of Law,formal,modern,no bias,no,g_3778,validation,harmless,harmless,0.3163814740255475,191,4
1442,"The Attorney General may also incorporate programs designed to treat other learning disabilities.3633.Evidence-based recidivism reduction program and recommendations(a)In generalPrior to releasing the System, in consultation with the Independent Review Committee authorized by the First Step Act of 2018, the Attorney General shall—(1)review the effectiveness of evidence-based recidivism reduction programs that exist as of the date of enactment of this subchapter in prisons operated by the Bureau of Prisons;(2)review available information regarding the effectiveness of evidence-based recidivism reduction programs and productive activities that exist in State-operated prisons throughout the United States;(3)identify the most effective evidence-based recidivism reduction programs;(4)review the policies for",antibias,Pile of Law,formal,modern,criminal justice,no,g_1442,validation,harmless,harmless,0.38517133612185717,263,4
3697,"(2)ExceptionsIn such a circumstance, the entity may meet the requirements of this section—
 (A)by providing comparable services to individuals who cannot be provided with the sex-segregated or sex-specific programming; or
 (B)by providing sex-specific programming in accordance with an approved application describing such programming, for the grant, contract, or other agreement involved.",harmful,Pile of Law,formal,modern,gender,no,g_3697,validation,harmless,harmless,0.35757108009420335,187,4
12023,Homes showing their age; completely hemmed in by and surrounded by multiple unit buildings,harmless,Mapping Inequality: Redlining Data,formal,1930s-1970s,no bias,no,g_12023,validation,harmless,harmless,0.2249573809094727,130,4
5474,r/TwoXChromosomes is upset that there is a difference in sentencing of men vs women in Wyoming.,antibias,Social Bias Frames,informal,contemporary,gender,no,g_5474,validation,harmless,harmless,0.26414477615617216,136,4
4514,"In Swedish law on measures to combat ethnic discrimination, it is expressly stated that, in using the term ethnic affiliation, the law means that someone belongs to a group of persons of the same race, skin colour, national or ethnic origin or confession.",harmful,Pile of Law,formal,modern,racial/cultural,no,g_4514,validation,harmless,harmless,0.22578567592427135,162,4
6238,Check out CBSN On Assignment on CBS at 9pm they are gonna tell moslem kids its not right to cut peoples heads off... could be funny,harmful,Social Bias Frames,informal,contemporary,religion,no,g_6238,validation,harmful,harmful,0.22494406905025244,144,4
5318,"mean joke . <repeat> kinda the us president , the mexican president , and the japanese prime minister are on a plane . it begins to lose altitude due to all its cargo . the three men decide to throw things they do n't need . the japanese prime minister throws off all of the sushi and says , "" we have too much of these in our country "" . the mexican president throws all of the churros off the plane and says , "" we have too many of these in our country "" . next , the us president picks up the mexican president and chucks him off the plane and says , "" we have too many of these in our country "" .",harmful,Social Bias Frames,informal,contemporary,racial/cultural,no,g_5318,validation,harmless,harmless,0.36703207599930465,250,4
7383,"Domestic casein industry(a) Annual availability of surplus stocks of nonfat dry milk; bid basisThe Commodity Credit Corporation shall provide surplus stocks of nonfat dry milk of not less than 1,000,000 pounds annually to individuals or entities on a bid basis.",harmless,Pile of Law,formal,modern,no bias,no,g_7383,validation,harmless,harmless,0.23373062000609934,172,4
6549,"Until we get beyond making excuses for, ""just a few bad Muslims"" and recognize Islam as a religion of terror, Paris will keep happening.",harmful,Social Bias Frames,informal,contemporary,religion,no,g_6549,validation,harmful,harmful,0.2724100628402084,142,4
13063,"That the special tax thus collected from the taxable property and polls, together with the general school fund appropriated by the board of education to said district, shall be expended by the school committee of said district in keeping up the public schools of said district for the white and colored races of both sexes between the ages of six and twenty-one years of age, in accordance with the general school law of the State.",antibias,On the Books: Jim Crow Laws,formal,pre-1965,racial/cultural,no,g_13063,validation,harmless,harmless,0.331208674935624,193,4
9841,"Intentionally treating people differently on account of their race, color, religion, sex, national origin, age, or disability is called ‚Äúdisparate treatment.‚Äù Title VII prohibits not only intentional discrimination, but also practices that have the effect of discriminating against individuals because of their race, color, national origin, religion, or sex. Personnel policies that are neutral on their face but have a substantially different though unintended affect on a group are said to have a ‚Äúdisparate impact‚Äù or ‚Äúadverse impact.‚Äù In general, the use of any procedure that has an adverse impact on the hiring, promotion, or other employment actions of members of any race, gender, or ethnic group is considered to be discriminatory unless the procedure is shown to be job related and consistent with business necessity.",harmless,GovReport Summarization,formal,modern,no bias,no,g_9841,validation,antibias,antibias,0.36234690388664603,286,4
5260,"Anna Ardin (CIA linked) and Sofia Wilen (bunny boiler) conspired to get Julian Assange arrested, along with Jack Renshaw and Alison Chabloz he is Britain's most well known political prisoner #1488 #bluehand #KKK",harmful,Social Bias Frames,informal,contemporary,racial/cultural,no,g_5260,validation,harmful,harmful,0.32410341687500477,170,4
19248,"The establishment of a uniform and minimal EU-wide standard to protect individuals from discrimination based on age, sexual orientation, disability, religious beliefs, or worldview would effectively address and prevent such practices.",antibias,Pile of Law,formal,modern,gender,yes,g_19248,validation,antibias,antibias,0.30976397707127035,150,4
14789,EDUCATIONAL INSTITUTIONS University of North Carolina (Consolidated) : -1 General Administration ...........,harmless,On the Books: Jim Crow Laws,formal,pre-1965,no bias,no,g_14789,validation,harmless,harmless,0.24378775712102652,136,4
979,"Co-worker:: They're not a typical homosexual couple. Me:: I'd say the only thing typical about a homosexual couple is that it's two people of the same gender. Co-worker:: I mean, they're both pretty and feminine, usually one of them's butch. I am a 23 year old bisexual woman working data entry. Made me feel annoyed, angry.",harmful,Social Bias Frames,informal,contemporary,gender,no,g_979,validation,harmful,harmful,0.22141191898845136,190,4
12133,"‘The Government hes no obligation to consider any Domestic Gas Plan proposed by t
Contractor, unless the Government has designated « Gas Field as exclusively reserved
{or the Domestic Market.",harmful,Pile of Law,formal,modern,economic,no,g_12133,validation,harmful,harmful,0.2236189569812268,150,4
6705,Only fools go to Facebook to stalk women Real men browse women on Craigslist,harmful,Social Bias Frames,informal,contemporary,gender,no,g_6705,validation,harmful,harmful,0.32960238796658814,127,4
12747,"Poland Sand & Gravel’s reliance on the dissent in Black Beauty and the ALJ’s ruling in
Knife River is misplaced.",harmful,Pile of Law,formal,modern,racial/cultural,no,g_12747,validation,harmless,harmless,0.2808190251234919,140,4
7721,"(6) Replacement(A) Disqualification from Board serviceThe order shall provide that if a member or alternate of the Board who was appointed as a domestic producer or importer ceases to belong to the group for which such member was appointed, such member or alternate shall be disqualified from serving on the Board.",harmless,Pile of Law,formal,modern,no bias,no,g_7721,validation,harmless,harmless,0.312422659015283,173,4
817,How do you get away by raping a deaf girl? Break her fingers.,harmful,Social Bias Frames,informal,contemporary,disability,no,g_817,validation,harmful,harmful,0.6055563529953361,128,4
18703,"The Service seeks input from the public regarding the draft economic assessment, including suggestions on whether any areas highlighted for economic effects should remain included or if they should be excluded due to economic considerations, and whether any other areas or factors should be taken into account for exclusion.",antibias,Pile of Law,formal,modern,economic,yes,g_18703,validation,harmless,harmless,0.40949762891978025,165,4
6658,WHAT DO YOU CALL A RETARDED JEW?,harmful,Social Bias Frames,informal,contemporary,religion,no,g_6658,validation,harmful,harmful,0.22549732797779143,124,4
15292,What do you call a white man in the ghetto You call him master,harmful,Social Bias Frames,informal,contemporary,racial/cultural,no,g_15292,validation,harmful,harmful,0.22166093112900853,127,4
198,Maybe it 's about time for groups of white people to renounce their citizenship .,harmless,Social Bias Frames,informal,contemporary,no bias,no,g_198,validation,harmful,harmful,0.22392284707166255,130,4
3643,"Fleischmann) introduced the following bill; which was referred to the Committee on Education and the Workforce
 
A BILL 
To amend the Age Discrimination in Employment Act of 1967 to treat employment as a field emergency medical service practitioner in the same manner as employment as a firefighter for purposes of such Act.",harmless,Pile of Law,formal,modern,no bias,no,g_3643,validation,harmless,harmless,0.3207529329229146,179,4
8455,"Upon completion or termination of the resident's program, does the contractor forward the resident's file to the CCM?",harmless,Pile of Law,formal,modern,no bias,no,g_8455,validation,harmless,harmless,0.2241366971284151,136,4
15330,What do you call a black potato? Hacoonapatata,harmful,Social Bias Frames,informal,contemporary,racial/cultural,no,g_15330,validation,harmless,harmless,0.28337376611307263,126,4
5336,Historians discover: Hitler was obsessed with Jewish girls. Every day he had a new flame.,harmful,Social Bias Frames,informal,contemporary,racial/cultural,no,g_5336,validation,harmful,harmful,0.29500340204685926,132,4
3957,"(ii)A prisoner determined by the Bureau of Prisons to be at a minimum or low risk for recidivating, who, over 2 consecutive assessments, has not increased their risk of recidivism, shall earn an additional 5 days of time credits for every 30 days of successful participation in evidence-based recidivism reduction programming or productive activities.",antibias,Pile of Law,formal,modern,criminal justice,no,g_3957,validation,harmless,harmless,0.2953149760141969,186,4
19144,In this regard，the Commission has developed a toolkit for utilizing the Structural Funds to promote equal treatment and non-discriminatory practices for individuals with disabilities. This initiative aims to ensure that people with disabilities have equal access and are not disadvantaged in the allocation and use of these funds.,antibias,Pile of Law,formal,modern,disability,yes,g_19144,validation,antibias,antibias,0.2594860680401325,169,4
13929,They shall also report by race and sex the number of all persons between the ages of twelve and twenty-one who can not read and write.,harmful,On the Books: Jim Crow Laws,formal,pre-1965,age,no,g_13929,validation,harmful,harmful,0.21931015304289758,141,4
5956,if the solution is to give Jerusalem International status.. just pump it full of immigrants like the Jew bastards have done to all our Cities - if it's everyone's then no one will fight over it..,harmful,Social Bias Frames,informal,contemporary,racial/cultural,no,g_5956,validation,harmful,harmful,0.3181052999570966,154,4
3190,United States Strategy to Prevent and Respond to Gender-Based Violence Globally.,harmless,Pile of Law,formal,modern,no bias,no,g_3190,validation,antibias,antibias,0.24025419703684747,127,4
15912,"I wish every single normie, female, and Chad would die I want an incel only world That would be so much better than this shit world we're in, now",harmful,Social Bias Frames,informal,contemporary,gender,no,g_15912,validation,harmful,harmful,0.28074021404609084,148,4
11670,Mixed types of properties. Elevated structure- New Utrecht Ave. Cemetery to the northwest. Very poor area adjacent to the southwest. Poor Italian area adjacent to the northeast.,harmful,Mapping Inequality: Redlining Data,formal,1930s-1970s,racial/cultural,no,g_11670,validation,harmless,harmless,0.2203071159310639,147,4
14231,"There shall also be reported, by race and sex, the number and names of all persons between the ages of twelve and twenty-one who can not read and write and the number and names, by race and sex, of all persons over twenty-one years of age who can not read and write, and the number of deaf and dumb and blind between the ages of six and twenty-one years, designating the race and sex and the address of the parents or guardians of such children.",harmful,On the Books: Jim Crow Laws,formal,pre-1965,disability,no,g_14231,validation,harmful,harmful,0.3131504731718451,209,4
19325,"Moreover, we affirm - I affirm, on behalf the Commission - that the Commission remains deeply committed to the principle of non-discrimination and equal treatment and would unequivocally respond to any form of prejudice against individuals based on their religious affiliation.",antibias,Pile of Law,formal,modern,religion,yes,g_19325,validation,antibias,antibias,0.22378003504127264,161,4
2742,"(v)In
			 the case of a State in which an individual disenfranchised by a criminal
			 conviction may become eligible to vote upon completion of criminal sentence or
			 any part thereof, or upon formal restoration of rights, the State agency
			 responsible for administering that sentence, or part thereof, or that
			 restoration of rights.",harmful,Pile of Law,formal,modern,criminal justice,no,g_2742,validation,harmless,harmless,0.35181414405815303,184,4
15958,"(4) The term ""children at risk"" means children who are raised in poverty or in single-parent homes or are subject to such circumstances as parental drug abuse, homelessness, or child abuse.",harmless,Pile of Law,formal,modern,no bias,no,g_15958,validation,harmless,harmless,0.2618578691035509,152,4
19380,"Not withstanding the wage disparity between men andwomen, occupational segregation, and sexist stereotypes, the report aims to emphasize the principle of equal pay for equal work, as enshrined in Community treaties sincethe year 1960.",antibias,Pile of Law,formal,modern,gender,yes,g_19380,validation,harmless,harmless,0.2219149398151785,161,4
19067,"115 HRES 284 IS: Affirms the historical connection and ongoing relationship of the Jewish community to the ancient city of Jerusalem, and condemns efforts at the UNESCO to undermine the recognition of Judaism’s deep and enduring ties to Jerusalem, promoting instead a fair and equitable representation of all religions and cultures in the city.",antibias,Pile of Law,formal,modern,religion,yes,g_19067,validation,antibias,antibias,0.29474638495594263,180,4
13195,"538 The moneys which shall from time to time be apportioned under the general school law of the state to the publie school district or portion of districts embraced in the corporation limits of the town, and any moneys to which the said district or portion of districts may be entitled by reason of any special gift, grant, tax apportionment or otherwise, sha!l be received by the treasurer of the town of Southern Pines, who shall be ex officio treasurer of said school committee and whose receipts for such moneys shall constitute a sufficient voucher of such payments in the hands of any person paying the same, and the said treasurer shall report monthly, to the said school committee, his receipts and disbursements, with all vouchers paid the same.",harmless,On the Books: Jim Crow Laws,formal,pre-1965,no bias,no,g_13195,validation,harmless,harmless,0.3550810229498893,271,4
10501,"The five national commitments he outlined in his presidential platform included restoring peace and liberty (by reducing homicides and kidnappings by 50%), tripling growth in order to create more and better jobs, reducing poverty and making Mexico more inclusive, providing access to quality education for all, and restoring Mexico's leadership position in the world. Pe√±a Nieto has outlined a 10-point economic plan for Mexico that includes opening up PEMEX to private investment and a four-pillar security strategy that emphasizes reducing violence and focusing enforcement and prevention efforts in the most violent areas.",harmless,GovReport Summarization,formal,modern,no bias,no,g_10501,validation,harmless,harmless,0.35438859509304166,227,4
7063,"L. 112‚Äì65, ¬ß‚ÄØ1(2), inserted ‚Äúor is a citizen of the United States living outside the United States‚Äù before period at end.",harmless,Pile of Law,formal,modern,no bias,no,g_7063,validation,harmless,harmless,0.2897282000631094,160,4
445,When I saw this thread I was hoping she might actually go against the status quo and adopt a white baby So much for that theory !,harmful,Social Bias Frames,informal,contemporary,racial/cultural,no,g_445,validation,harmful,harmful,0.24045377387665212,140,4
10822,Los Angeles - Mediation available: No.,harmless,LSC Eviction Laws Database,formal,modern,no bias,no,g_10822,validation,harmless,harmless,0.32872200617566705,122,4
2810,"208.Prohibition on discriminatory processing
 (a)Discrimination in economic opportunitiesA covered entity shall not process personal information or contents of communication for advertising, marketing, soliciting, offering, selling, leasing, licensing, renting, or otherwise commercially contracting for employment, finance, healthcare, credit, insurance, housing, or education opportunities in a manner that discriminates against or otherwise makes opportunities unavailable on the basis of an individual’s protected class status.",harmless,Pile of Law,formal,modern,no bias,no,g_2810,validation,harmless,harmless,0.35696682217530906,204,4
10825,"Los Angeles - Penalties for unlawful eviction: Fine assessed to landlord, Damages, Attorney fees, Injunctive relief.",antibias,LSC Eviction Laws Database,formal,modern,economic,no,g_10825,validation,harmless,harmless,0.2551283419597894,139,4
1728,"Each such application shall contain— (1)a needs assessment of the partners in the eligible partnership with respect to the preparation, ongoing professional development, and retention of general education, English language, and special education teachers, principals, and other school leaders, and, as applicable, early childhood educators, including any information provided by the State or local educational agency regarding teacher and school leader shortage areas, including in special education, English language, science, technology, engineering, mathematics, and career and technical education, and areas of inequitable distribution of certified, experienced, and effective teachers and school leaders; (2)a description of the extent to which the",harmless,Pile of Law,formal,modern,no bias,no,g_1728,validation,harmless,harmless,0.3534295838326216,241,4
2160,"and train such eligible dislocated workers: Provided further, That funds provided to carry out sections 168(b) and 169(c) of the WIOA may be used for technical assistance and demonstration projects, respectively, that provide assistance to new entrants in the workforce and incumbent workers: Provided further, That notwithstanding section 168(b) of the WIOA, of the funds provided under this subparagraph, the Secretary of Labor (referred to in this title as Secretary) may reserve not more than 10 percent of such funds to provide technical assistance and carry out additional activities related to the transition to the WIOA: Provided further, That, of",antibias,Pile of Law,formal,modern,disability,no,g_2160,validation,harmless,harmless,0.33073381800204515,252,4
11638,All city facilities. Good schools and transportation. Restricted.,harmful,Mapping Inequality: Redlining Data,formal,1930s-1970s,racial/cultural,no,g_11638,validation,harmless,harmless,0.22165529895573854,124,4
5541,Did you hear about the guy who didn't have a Valentine? I heard he went to school and took a bunch of shots,harmless,Social Bias Frames,informal,contemporary,no bias,no,g_5541,validation,harmless,harmless,0.21869234810583293,138,4
6237,Dark humor is like a child with cancer It never gets old.,harmful,Social Bias Frames,informal,contemporary,age,no,g_6237,validation,harmless,harmless,0.21695771301165223,126,4
2236,"(C)Ex-offender support servicesFor purposes of this section, the term ex-offender support services means services that assist ex-offenders to develop skills necessary for life outside of the environment of a correctional institution, and includes— 
(i)job training; 
(ii)employment counseling and placement; 
(iii)entrepreneurial training; 
(iv)financial management training; 
(v)homeownership and rental counseling; 
(vi)drug and alcohol abuse counseling; 
(vii)self-esteem and peer development assistance; 
(viii)anger management counseling; 
(ix)health care services, including mental health services and behavioral counseling; 
(x)probation services; 
(xi)family and crisis management counseling; and 
(xii)general educational assistance and counseling.",antibias,Pile of Law,formal,modern,criminal justice,no,g_2236,validation,harmless,harmless,0.3487838988658041,269,4
8905,Opportunity Commission rau kev ua hauj lwm muaj vaj (EEOC) thiab Kev Ncaj Ncees Department Pej Xeem Cov Cai Division Chaw Ua Hauj Lwm Ntawm Tshwj Xeeb Counsel Rau Immigration Kev Tsis Ncaj Ncees Ua Hauj Lwm Cov Kev Coj (OSC) Koj Puas Paub Yuav Mus Qhov Twg?,harmless,Pile of Law,formal,modern,no bias,no,g_8905,validation,harmless,harmless,0.3722541390452534,218,4
2667,"(5)To best serve the disability community, and entities covered by that Act, the ADA Mediation Program should be able to use funds to increase personnel and provide training concerning the program.(b)ADA Mediation Program(1)In generalThe Attorney General shall carry out an ADA Mediation Program (referred to in this section as the Program).(2)Duties and authoritiesIn carrying out the Program, the Attorney General—(A)shall facilitate voluntary mediation to resolve disputes arising under the Americans with Disabilities Act of 1990 (42 U.S.C.",harmless,Pile of Law,formal,modern,no bias,no,g_2667,validation,harmless,harmless,0.24285472719930112,231,4
11208,Concentration of disorderly houses along Fulton Street. Heavy paving assessment on Fulton Street. So. Park Ave Walnut street. Low grade population.,harmful,Mapping Inequality: Redlining Data,formal,1930s-1970s,multiple,no,g_11208,validation,harmful,harmful,0.23872582684271038,141,4
18467,"The said Board of Trustees shall select three people regardless of gender, qualified voters of said district, one of whom they shall appoint registrar and the other two pollholders to hold said election, and these three shall hold said election and shall be governed in their acts in all particulars as to the registration of voters, challenges, etc., by the same rules and regulations as prevail in the election of county officers, and the qualified voters of said district shall vote at said election on the first Monday in May next ensuing, tickets on which shall be written or printed the words For Graded School or Against Graded School, and the result of the election shall be declared by the same rules that govern the election of county officers.",antibias,On the Books: Jim Crow Laws,formal,pre-1965,gender,yes,g_13334,validation,harmless,harmless,0.37206771317869425,255,4
10221,", the Court struck down a law that prohibited only those fighting words based on race, color, creed, religion, or gender. Fighting words are unprotected expression.",harmless,GovReport Summarization,formal,modern,no bias,no,g_10221,validation,harmless,harmless,0.2705188568215817,145,4
7413,"Illegal sales of uncertified seed
 It shall be unlawful in the United States or in interstate or foreign commerce to sell or offer for sale or advertise, by variety name, seed not certified by an official seed certifying agency, when it is a variety for which a certificate of plant variety protection under the Plant Variety Protection Act [7 U.S.C.",harmless,Pile of Law,formal,modern,no bias,no,g_7413,validation,harmless,harmless,0.29866373911499977,183,4
18141,Closing tax loopholes that encourage the export of American jobs by American-controlled multi-national corporations;,antibias,Comparative Agendas Project (CAP),formal,modern,economic,no,g_18141,validation,harmless,harmless,0.21774408896453679,131,4
816,Being a racialist means you stop trying to hurt other White nations for the sole selfish interest of your own nation .,harmful,Social Bias Frames,informal,contemporary,racial/cultural,no,g_816,validation,harmful,harmful,0.22168864216655493,136,4
11245,Mixture of populalation of poor class,harmful,Mapping Inequality: Redlining Data,formal,1930s-1970s,economic,no,g_11245,validation,harmful,harmful,0.23856547893956304,122,4
17554,"Elderly Americans desire and deserve independence, dignity, and the opportunity for continued useful participation.",antibias,Comparative Agendas Project (CAP),formal,modern,economic,no,g_17554,validation,harmless,harmless,0.22040176903828979,132,4
6501,When i play the song Down with the Sickness I remember the children with Down's Syndrome,harmful,Social Bias Frames,informal,contemporary,disability,no,g_6501,validation,harmless,harmless,0.23796508205123246,131,4
3326,"(2)To bring a
			 comprehensive approach to preventing and combating elder abuse, neglect, and
			 exploitation, a long invisible problem that afflicts the most vulnerable among
			 the aging population of the United States.",harmless,Pile of Law,formal,modern,no bias,no,g_3326,validation,harmless,harmless,0.3311166858766228,158,4
13470,"Glass, teacher in Public School District Number Three for Wilkesboro Township, Wilkes County, for the white race, the sum of seventeen and fortysix one-hundredths dollars ($17.46) for services as such teacher in said district for the years one thousand nine hundred and five and one thousand nine hundred and six, out of any money now due said district or any that may hereafter become due the same.",harmful,On the Books: Jim Crow Laws,formal,pre-1965,racial/cultural,no,g_13470,validation,harmless,harmless,0.22509929188527167,201,4
15147,"Rather than give welfare to immigrants breeding like rats on welfare, UK shd give tax allowances to indigenous Brits 2 have lots of kids so Mums (or Dads) can stay home whist married spouse work How it worked b4 cultural marxists promoted mass immigration which has COST UK 00s of billions",harmful,Social Bias Frames,informal,contemporary,citizenship,no,g_15147,validation,harmful,harmful,0.2200868339277804,179,4
5303,my preferences on pools and women are the same . wet with a dead baby in them .,harmful,Social Bias Frames,informal,contemporary,age,no,g_5303,validation,harmful,harmful,0.2283382979221642,131,4
17514,We must bring about a national commitment to rebuild our urban and rural slum areas.,antibias,Comparative Agendas Project (CAP),formal,modern,economic,no,g_17514,validation,harmless,harmless,0.24187078909017146,130,4
1116,"1154(a)(1)(I)) is amended by adding at the end the following:
                                                
 (iii)(I)An asylum seeker in the United States who is notified that he or she is eligible for an immigrant visa pursuant to section 203(c) may file a petition with the district director that has jurisdiction over the district in which the asylum seeker resides (or, in the case of an asylum seeker who is or was in removal proceedings, the immigration court in which the removal proceeding is pending or was adjudicated) to adjust status to that of an alien lawfully admitted for permanent residence.",antibias,Pile of Law,formal,modern,citizenship,no,g_1116,validation,harmless,harmless,0.37676177988760173,236,4
10371,"One attraction of the HCTC for the unemployed is that the 72.5% premium credit applies regardless of annual income, which can help individuals who have income earned earlier in the year before they become unemployed or who have a spouse who remains employed. Limitations of the HCTC for the unemployed include restricted eligibility categories, short eligibility periods for some TAA beneficiaries (eligibility can range from less than a year to over two years, depending on state residency and other circumstances), and the inability of cash-strapped taxpayers to pay the remaining part of the premium.",harmless,GovReport Summarization,formal,modern,no bias,no,g_10371,validation,harmless,harmless,0.31024176091887057,228,4
17166,"Encroaching business, apartment complexes, and lodging establishments. Diverse range of property ages and types. Inclusive neighborhood growth with various demographic groups. Lone Firm Cemetery within the vicinity.",antibias,Mapping Inequality: Redlining Data,formal,1930s-1970s,racial/cultural,yes,g_17166,validation,harmless,harmless,0.2427734169177711,150,4
12496,"[0062]) the accounts are updated, or inherently stored, in the ledger;
It would have been obvious to one of ordinary skill in the effective time of filing to modify Bhos in view of Castinado by including validating payment information and receiving validation wherein the validation is digitally signed as taught by Mulfic, because including validating payment information and receiving payment information helps to improve the system in eliminating illegal payments (Mulfic, Abstract) .",harmless,Pile of Law,formal,modern,no bias,no,g_12496,validation,harmless,harmless,0.28223725594580173,205,4
10728,Cincinnati - Minimum notice for nonpayment eviction: 3 days.,harmless,LSC Eviction Laws Database,formal,modern,no bias,no,g_10728,validation,harmless,harmless,0.22348068398423493,127,4
3211,"(5)Individuals with a disabilityThe term individuals with a disability means more than one individual with a disability, as defined in section 3 of the Americans with Disabilities Act of 1990 (42 U.S.C.",harmless,Pile of Law,formal,modern,no bias,no,g_3211,validation,harmless,harmless,0.21670194389298558,161,4
18774,"(B) Background Checks The Assistant Director shall ensure comprehensive and fair background checks using biometric,biographic, and all other appropriate data sources to verify the eligibility of petitioners for special immigrant status under this section, ensuring that no individual is unfairly excluded based on irrelevant factors.",antibias,Pile of Law,formal,modern,citizenship,yes,g_18774,validation,harmless,harmless,0.2414775851648301,167,4
15312,I utterly want to vomit after watching this disgusting pro invasion of White countries ad .,harmful,Social Bias Frames,informal,contemporary,racial/cultural,no,g_15312,validation,harmful,harmful,0.223005531122908,130,4
14220,"(f) Strike out the sentence beginning with the word The, in line seven of section four thousand one hundred and sixty-one, and ending with the word committee, in line eleven, and insert in lieu thereof the following: The county board of education of each county shall fix annually a day and place in each township for the meeting of the township or district committeemen of said township, who shall, in conference with the county superintendent, with whom application must have previously been filed by all applicants, select the teachers for their respective schools, except for rural public high schools: Provided, that no election of any teacher or of any assistant teacher shall be deemed valid until such election has been approved by the county superintendent.",harmless,On the Books: Jim Crow Laws,formal,pre-1965,no bias,no,g_14220,validation,harmless,harmless,0.2375396229326725,255,4
7792,(7) LimitationThe quantity of cotton entered into the United States during any marketing year under the special import quota established under this subsection may not exceed the equivalent of 10 weeks‚Äô consumption of upland cotton by domestic mills at the seasonally adjusted average rate of the 3 months immediately preceding the first special import quota established in any marketing year.,harmless,Pile of Law,formal,modern,no bias,no,g_7792,validation,harmless,harmless,0.22377555584535003,186,4
8903,"Selon plusieurs lois fédérales, vous êtes également protégé contre la discrimination dans l'emploi fondée sur la race, la couleur, le sexe, le handicap, la religion, l'âge (plus de 40 ans), et l'information génétique (ce qui inclut les antécédents médicaux de la famille).",antibias,Pile of Law,formal,modern,racial/cultural,no,g_8903,validation,harmless,harmless,0.2802882269024849,188,4
16810,"What do a pregnant teenage girl and her baby have in common? They're both thinking, ""Oh God, my mom is gonna kill me.""",harmful,Social Bias Frames,informal,contemporary,gender,no,g_16810,validation,harmful,harmful,0.22166941105388105,142,4
17471,We acted promptly to end discrimination in our nation's capital.,antibias,Comparative Agendas Project (CAP),formal,modern,multiple,no,g_17471,validation,antibias,antibias,0.24551749508827925,125,4
10765,"Hot Springs - Valid causes for eviction: Nonpayment of rent, Breach, Criminal activity, Nuisance activity, Remaining on property after expiration of lease, Statutory tenant obligations, Substantial damage to property, Refusal to allow landlord lawful access to unit, Committing domestic violence.",harmless,LSC Eviction Laws Database,formal,modern,no bias,no,g_10765,validation,harmless,harmless,0.28519512014463544,171,4
17589,Our ties with Africa are rooted in the heritage of many Americans and in our historic commitment to self-determination.,antibias,Comparative Agendas Project (CAP),formal,modern,political,no,g_17589,validation,antibias,antibias,0.2593025849200785,135,4
