sentence_id_a,sentence_id_b,method,similarity
648,756,token_identity,1.0
1015,1073,token_identity,1.0
1085,1177,token_identity,1.0
1611,1784,token_identity,1.0
1596,1790,token_identity,1.0
1537,1996,token_identity,1.0
1648,2048,token_identity,1.0
1410,2081,token_identity,1.0
1764,2204,token_identity,1.0
2227,2233,token_identity,1.0
2524,2541,token_identity,1.0
2547,2549,token_identity,1.0
2585,2645,token_identity,1.0
2079,2665,token_identity,1.0
2695,2696,token_identity,1.0
2907,2929,token_identity,1.0
2702,3033,token_identity,1.0
1907,3129,token_identity,1.0
1418,3136,token_identity,1.0
2739,3259,token_identity,1.0
3319,3400,token_identity,1.0
3274,3479,token_identity,1.0
3140,3510,token_identity,1.0
1440,3529,token_identity,1.0
1443,3533,token_identity,1.0
2830,3563,token_identity,1.0
2832,3564,token_identity,1.0
1479,3674,token_identity,1.0
3619,3874,token_identity,1.0
2698,3896,token_identity,1.0
3280,3943,token_identity,1.0
3888,4164,token_identity,1.0
2907,4258,token_identity,1.0
4794,6145,token_identity,1.0
5049,6266,token_identity,1.0
6824,6827,token_identity,1.0
7964,8048,token_identity,1.0
7983,8063,token_identity,1.0
7984,8064,token_identity,1.0
7954,8065,token_identity,1.0
7979,8221,token_identity,1.0
8200,8225,token_identity,1.0
8215,8250,token_identity,1.0
8299,8364,token_identity,1.0
8474,8475,token_identity,1.0
8550,8590,token_identity,1.0
8552,8592,token_identity,1.0
8569,8597,token_identity,1.0
8558,8820,token_identity,1.0
8593,8839,token_identity,1.0
7959,8843,token_identity,1.0
8810,8849,token_identity,1.0
7959,8861,token_identity,1.0
8860,9032,token_identity,1.0
9337,9353,token_identity,1.0
8484,9454,token_identity,1.0
9462,9467,token_identity,1.0
9926,10367,token_identity,1.0
10131,10646,token_identity,1.0
11001,11014,token_identity,1.0
11067,11071,token_identity,1.0
11024,11101,token_identity,1.0
11176,11177,token_identity,1.0
11011,11273,token_identity,1.0
11486,11488,token_identity,1.0
11499,11500,token_identity,1.0
11626,11627,token_identity,1.0
11695,11696,token_identity,1.0
12098,12100,token_identity,1.0
12196,12197,token_identity,1.0
12184,12201,token_identity,1.0
8484,12214,token_identity,1.0
12469,12471,token_identity,1.0
12594,12598,token_identity,1.0
12595,12599,token_identity,1.0
12837,12873,token_identity,1.0
12845,12927,token_identity,1.0
12845,12932,token_identity,1.0
13030,13072,token_identity,1.0
12900,13116,token_identity,1.0
13149,13212,token_identity,1.0
13324,13333,token_identity,1.0
12875,13465,token_identity,1.0
13370,13518,token_identity,1.0
13538,13543,token_identity,1.0
13541,13597,token_identity,1.0
13594,13626,token_identity,1.0
13594,13637,token_identity,1.0
13494,13660,token_identity,1.0
13917,13941,token_identity,1.0
13329,14037,token_identity,1.0
13326,14046,token_identity,1.0
13368,14085,token_identity,1.0
13750,14086,token_identity,1.0
14349,14386,token_identity,1.0
14404,14423,token_identity,1.0
13672,14479,token_identity,1.0
13544,14501,token_identity,1.0
14516,14546,token_identity,1.0
14522,14554,token_identity,1.0
14523,14555,token_identity,1.0
14705,14777,token_identity,1.0
14789,14814,token_identity,1.0
14328,14816,token_identity,1.0
14796,14820,token_identity,1.0
14796,14832,token_identity,1.0
14850,14860,token_identity,1.0
14328,14861,token_identity,1.0
5110,15031,token_identity,1.0
249,15099,token_identity,1.0
15077,15661,token_identity,1.0
5325,15730,token_identity,1.0
6092,16682,token_identity,1.0
17750,17862,token_identity,1.0
17945,18078,token_identity,1.0
17958,18080,token_identity,1.0
18018,18086,token_identity,1.0
2980,19063,token_identity,1.0
18944,19117,token_identity,1.0
18954,19130,token_identity,1.0
18958,19138,token_identity,1.0
18970,19154,token_identity,1.0
18980,19173,token_identity,1.0
18982,19177,token_identity,1.0
18984,19180,token_identity,1.0
18988,19194,token_identity,1.0
18990,19197,token_identity,1.0
18994,19200,token_identity,1.0
19012,19230,token_identity,1.0
19017,19244,token_identity,1.0
19024,19255,token_identity,1.0
19028,19263,token_identity,1.0
19031,19268,token_identity,1.0
19037,19280,token_identity,1.0
19049,19300,token_identity,1.0
19051,19307,token_identity,1.0
19062,19328,token_identity,1.0
19068,19336,token_identity,1.0
19071,19341,token_identity,1.0
19086,19376,token_identity,1.0
19090,19383,token_identity,1.0
19095,19389,token_identity,1.0
19096,19390,token_identity,1.0
19108,19412,token_identity,1.0
19113,19418,token_identity,1.0
11486,11488,trigram_jaccard,1.0
14850,14860,trigram_jaccard,1.0
11067,11071,trigram_jaccard,1.0
14328,14816,trigram_jaccard,1.0
14328,14861,trigram_jaccard,1.0
14816,14861,trigram_jaccard,1.0
2695,2696,trigram_jaccard,1.0
11695,11696,trigram_jaccard,1.0
12098,12100,trigram_jaccard,1.0
14796,14820,trigram_jaccard,1.0
14796,14832,trigram_jaccard,1.0
14820,14832,trigram_jaccard,1.0
5049,6266,trigram_jaccard,1.0
14789,14814,trigram_jaccard,1.0
9462,9467,trigram_jaccard,1.0
11626,11627,trigram_jaccard,1.0
5325,15730,trigram_jaccard,1.0
8474,8475,trigram_jaccard,1.0
3837,2979,trigram_jaccard,0.9090909090909091
5110,15031,trigram_jaccard,1.0
3619,3874,trigram_jaccard,1.0
249,15099,trigram_jaccard,1.0
18018,18086,trigram_jaccard,1.0
4794,6145,trigram_jaccard,1.0
9195,9190,trigram_jaccard,0.9333333333333333
9195,9196,trigram_jaccard,0.9333333333333333
13329,14037,trigram_jaccard,1.0
2698,3896,trigram_jaccard,1.0
9190,9192,trigram_jaccard,0.9375
11499,11500,trigram_jaccard,1.0
12938,13863,trigram_jaccard,0.9375
3319,3400,trigram_jaccard,1.0
6092,16682,trigram_jaccard,1.0
648,756,trigram_jaccard,1.0
2592,3236,trigram_jaccard,0.9
3045,4036,trigram_jaccard,0.9047619047619048
10780,10828,trigram_jaccard,0.9047619047619048
10780,10914,trigram_jaccard,0.9047619047619048
10828,10914,trigram_jaccard,0.9047619047619048
12184,12201,trigram_jaccard,1.0
19037,19280,trigram_jaccard,1.0
19090,19383,trigram_jaccard,1.0
2524,2541,trigram_jaccard,1.0
3178,3392,trigram_jaccard,0.9090909090909091
6987,7006,trigram_jaccard,0.9090909090909091
12812,13689,trigram_jaccard,0.9047619047619048
2227,2233,trigram_jaccard,1.0
9337,9353,trigram_jaccard,1.0
13219,13468,trigram_jaccard,0.9130434782608695
19086,19376,trigram_jaccard,1.0
2686,3552,trigram_jaccard,0.9166666666666666
3911,4291,trigram_jaccard,0.9166666666666666
12196,12197,trigram_jaccard,1.0
12837,12873,trigram_jaccard,1.0
14404,14423,trigram_jaccard,1.0
15077,15661,trigram_jaccard,1.0
17945,18078,trigram_jaccard,1.0
17958,18080,trigram_jaccard,1.0
2743,2889,trigram_jaccard,0.92
8810,8849,trigram_jaccard,1.0
9031,9060,trigram_jaccard,0.92
11175,11176,trigram_jaccard,0.9583333333333334
11175,11177,trigram_jaccard,0.9583333333333334
11176,11177,trigram_jaccard,1.0
13239,14550,trigram_jaccard,0.9583333333333334
8531,8530,trigram_jaccard,0.96
10784,10832,trigram_jaccard,0.9230769230769231
10784,10918,trigram_jaccard,0.9230769230769231
10832,10918,trigram_jaccard,0.9230769230769231
18984,19180,trigram_jaccard,1.0
2830,3563,trigram_jaccard,1.0
10772,10796,trigram_jaccard,0.9259259259259259
17750,17862,trigram_jaccard,1.0
1085,1177,trigram_jaccard,1.0
2963,3820,trigram_jaccard,0.9285714285714286
13750,14086,trigram_jaccard,1.0
8569,8597,trigram_jaccard,1.0
13030,13072,trigram_jaccard,1.0
3867,3868,trigram_jaccard,0.9354838709677419
1773,3915,trigram_jaccard,0.9032258064516129
3422,4337,trigram_jaccard,0.9354838709677419
8569,8069,trigram_jaccard,0.9666666666666667
8597,8069,trigram_jaccard,0.9666666666666667
10877,10821,trigram_jaccard,0.9032258064516129
13149,13212,trigram_jaccard,1.0
14047,13327,trigram_jaccard,0.9666666666666667
3867,18717,trigram_jaccard,0.9354838709677419
3868,18717,trigram_jaccard,0.9354838709677419
19095,19389,trigram_jaccard,1.0
1611,1784,trigram_jaccard,1.0
1525,4155,trigram_jaccard,0.9375
18994,19200,trigram_jaccard,1.0
1904,4121,trigram_jaccard,0.9393939393939394
12594,12598,trigram_jaccard,1.0
13324,13333,trigram_jaccard,1.0
2659,2942,trigram_jaccard,0.9411764705882353
13324,13326,trigram_jaccard,0.9117647058823529
13333,13326,trigram_jaccard,0.9117647058823529
13494,13660,trigram_jaccard,1.0
13324,14046,trigram_jaccard,0.9117647058823529
13326,14046,trigram_jaccard,1.0
13333,14046,trigram_jaccard,0.9117647058823529
2739,3259,trigram_jaccard,1.0
2832,3564,trigram_jaccard,1.0
10733,10898,trigram_jaccard,0.9142857142857143
19012,19230,trigram_jaccard,1.0
1768,1885,trigram_jaccard,0.9444444444444444
13541,13597,trigram_jaccard,1.0
18954,19130,trigram_jaccard,1.0
19104,19405,trigram_jaccard,0.9166666666666666
3336,3584,trigram_jaccard,0.9459459459459459
1479,3674,trigram_jaccard,1.0
2623,4146,trigram_jaccard,0.9459459459459459
6824,6827,trigram_jaccard,1.0
7981,8546,trigram_jaccard,0.9459459459459459
19017,19244,trigram_jaccard,1.0
3329,3877,trigram_jaccard,0.9487179487179487
2980,19063,trigram_jaccard,1.0
19023,19252,trigram_jaccard,0.9230769230769231
8593,8839,trigram_jaccard,1.0
13917,13941,trigram_jaccard,1.0
19374,19084,trigram_jaccard,0.925
8272,7966,trigram_jaccard,0.95
14437,14415,trigram_jaccard,0.975
14475,14537,trigram_jaccard,0.926829268292683
2914,2993,trigram_jaccard,0.9523809523809523
2702,3033,trigram_jaccard,1.0
1418,3136,trigram_jaccard,1.0
2573,3779,trigram_jaccard,0.9534883720930233
19024,19255,trigram_jaccard,1.0
3888,4164,trigram_jaccard,1.0
8572,8600,trigram_jaccard,0.9767441860465116
12902,13049,trigram_jaccard,0.9545454545454546
13917,18592,trigram_jaccard,0.9069767441860465
13941,18592,trigram_jaccard,0.9069767441860465
18958,19138,trigram_jaccard,1.0
19113,19418,trigram_jaccard,1.0
2565,2564,trigram_jaccard,0.9111111111111111
13373,13196,trigram_jaccard,0.9772727272727273
8216,8215,trigram_jaccard,0.9130434782608695
8215,8250,trigram_jaccard,1.0
8216,8250,trigram_jaccard,0.9130434782608695
10879,10823,trigram_jaccard,0.9347826086956522
2079,2665,trigram_jaccard,1.0
7606,7607,trigram_jaccard,0.9574468085106383
1907,3129,trigram_jaccard,1.0
3444,3445,trigram_jaccard,0.9583333333333334
14516,14546,trigram_jaccard,1.0
19096,19390,trigram_jaccard,1.0
19049,19300,trigram_jaccard,1.0
15937,15956,trigram_jaccard,0.96
13572,18642,trigram_jaccard,0.9019607843137255
3473,3757,trigram_jaccard,0.9607843137254902
10871,10855,trigram_jaccard,0.9411764705882353
14523,14555,trigram_jaccard,1.0
19011,19112,trigram_jaccard,0.9607843137254902
2547,2549,trigram_jaccard,1.0
2585,2645,trigram_jaccard,1.0
3543,2789,trigram_jaccard,0.9803921568627451
2789,2841,trigram_jaccard,0.9615384615384616
3543,2841,trigram_jaccard,0.9803921568627451
10721,10902,trigram_jaccard,0.9423076923076923
12845,12927,trigram_jaccard,1.0
12845,12932,trigram_jaccard,1.0
12927,12932,trigram_jaccard,1.0
18988,19194,trigram_jaccard,1.0
2907,2929,trigram_jaccard,1.0
2907,4258,trigram_jaccard,1.0
2929,4258,trigram_jaccard,1.0
12842,12925,trigram_jaccard,0.9122807017543859
4178,2964,trigram_jaccard,0.9464285714285714
3077,3338,trigram_jaccard,0.9649122807017544
10131,10646,trigram_jaccard,1.0
13115,12899,trigram_jaccard,0.9298245614035088
2657,4114,trigram_jaccard,0.9152542372881356
15965,15969,trigram_jaccard,0.9655172413793104
19031,19268,trigram_jaccard,1.0
3250,3328,trigram_jaccard,0.9661016949152542
8550,8590,trigram_jaccard,1.0
13293,13867,trigram_jaccard,0.9016393442622951
4175,2828,trigram_jaccard,0.9
9062,8206,trigram_jaccard,0.9180327868852459
14342,14358,trigram_jaccard,0.9047619047619048
19068,19336,trigram_jaccard,1.0
1015,1073,trigram_jaccard,1.0
1041,3488,trigram_jaccard,0.9838709677419355
1041,4344,trigram_jaccard,0.9838709677419355
3488,4344,trigram_jaccard,0.9682539682539683
8036,7983,trigram_jaccard,0.921875
7983,8063,trigram_jaccard,1.0
8036,8063,trigram_jaccard,0.921875
7983,8200,trigram_jaccard,0.9076923076923077
8036,8200,trigram_jaccard,0.921875
8063,8200,trigram_jaccard,0.9076923076923077
7983,8225,trigram_jaccard,0.9076923076923077
8036,8225,trigram_jaccard,0.921875
8063,8225,trigram_jaccard,0.9076923076923077
8200,8225,trigram_jaccard,1.0
7983,8548,trigram_jaccard,0.9076923076923077
8036,8548,trigram_jaccard,0.921875
8063,8548,trigram_jaccard,0.9076923076923077
8200,8548,trigram_jaccard,0.9076923076923077
8225,8548,trigram_jaccard,0.9076923076923077
13223,13246,trigram_jaccard,0.9076923076923077
13506,13474,trigram_jaccard,0.90625
13908,13935,trigram_jaccard,0.9375
13368,14085,trigram_jaccard,1.0
18943,19115,trigram_jaccard,0.9090909090909091
19108,19412,trigram_jaccard,1.0
2643,3826,trigram_jaccard,0.9104477611940298
2390,4157,trigram_jaccard,0.9692307692307692
3504,4162,trigram_jaccard,0.9692307692307692
12900,13116,trigram_jaccard,1.0
19062,19328,trigram_jaccard,1.0
1156,2006,trigram_jaccard,0.9090909090909091
13240,13302,trigram_jaccard,0.9117647058823529
13445,13302,trigram_jaccard,0.9242424242424242
13302,13947,trigram_jaccard,0.9117647058823529
13240,14051,trigram_jaccard,0.9117647058823529
12595,12599,trigram_jaccard,1.0
13702,18628,trigram_jaccard,0.9402985074626866
7189,7410,trigram_jaccard,0.9154929577464789
7189,7686,trigram_jaccard,0.9154929577464789
7410,7686,trigram_jaccard,0.9154929577464789
18944,19117,trigram_jaccard,1.0
1596,1790,trigram_jaccard,1.0
8547,7982,trigram_jaccard,0.9295774647887324
12486,12487,trigram_jaccard,0.9166666666666666
12875,13230,trigram_jaccard,0.9166666666666666
12875,13465,trigram_jaccard,1.0
13230,13465,trigram_jaccard,0.9166666666666666
14699,14499,trigram_jaccard,0.9710144927536232
14877,18652,trigram_jaccard,0.9420289855072463
1596,1862,trigram_jaccard,0.9305555555555556
1790,1862,trigram_jaccard,0.9305555555555556
3043,3349,trigram_jaccard,0.971830985915493
12875,13467,trigram_jaccard,0.9444444444444444
13465,13467,trigram_jaccard,0.9444444444444444
13549,13467,trigram_jaccard,0.9444444444444444
13370,13518,trigram_jaccard,1.0
14396,18516,trigram_jaccard,0.9315068493150684
9926,10367,trigram_jaccard,1.0
1788,3386,trigram_jaccard,0.972972972972973
7043,7061,trigram_jaccard,0.958904109589041
9926,10445,trigram_jaccard,0.9078947368421053
10367,10445,trigram_jaccard,0.9078947368421053
13539,13544,trigram_jaccard,0.9210526315789473
13864,13989,trigram_jaccard,0.9078947368421053
13539,14501,trigram_jaccard,0.9210526315789473
13544,14501,trigram_jaccard,1.0
3280,3943,trigram_jaccard,1.0
13544,13638,trigram_jaccard,0.922077922077922
14501,13638,trigram_jaccard,0.922077922077922
13560,13856,trigram_jaccard,0.935064935064935
1410,2081,trigram_jaccard,1.0
3067,3814,trigram_jaccard,0.974025974025974
18990,19197,trigram_jaccard,1.0
3140,3510,trigram_jaccard,1.0
7141,7144,trigram_jaccard,0.974025974025974
14705,14777,trigram_jaccard,1.0
19146,18963,trigram_jaccard,0.9125
18980,19173,trigram_jaccard,1.0
1443,3533,trigram_jaccard,1.0
8558,8820,trigram_jaccard,1.0
12541,12539,trigram_jaccard,0.9390243902439024
19316,19055,trigram_jaccard,0.9156626506024096
1440,3529,trigram_jaccard,1.0
7782,7804,trigram_jaccard,0.9512195121951219
8558,8584,trigram_jaccard,0.9397590361445783
8820,8584,trigram_jaccard,0.9397590361445783
10139,10183,trigram_jaccard,0.9285714285714286
1789,1595,trigram_jaccard,0.9878048780487805
1595,1693,trigram_jaccard,0.9759036144578314
1789,1693,trigram_jaccard,0.9878048780487805
1595,1861,trigram_jaccard,0.9759036144578314
1693,1861,trigram_jaccard,0.9759036144578314
1789,1861,trigram_jaccard,0.9878048780487805
2143,2288,trigram_jaccard,0.9759036144578314
7979,8221,trigram_jaccard,1.0
8552,8592,trigram_jaccard,1.0
13540,13545,trigram_jaccard,0.9294117647058824
13540,13556,trigram_jaccard,0.9294117647058824
13545,13556,trigram_jaccard,0.9294117647058824
13288,13582,trigram_jaccard,0.9166666666666666
13540,13628,trigram_jaccard,0.9294117647058824
13545,13628,trigram_jaccard,0.9294117647058824
13556,13628,trigram_jaccard,0.9294117647058824
13540,13639,trigram_jaccard,0.9294117647058824
13545,13639,trigram_jaccard,0.9294117647058824
13556,13639,trigram_jaccard,0.9294117647058824
13628,13639,trigram_jaccard,0.9294117647058824
3274,3479,trigram_jaccard,1.0
13754,14090,trigram_jaccard,0.9302325581395349
14350,14357,trigram_jaccard,0.9302325581395349
1761,1881,trigram_jaccard,0.9111111111111111
1764,2204,trigram_jaccard,1.0
12810,12836,trigram_jaccard,0.9
13466,12836,trigram_jaccard,0.9
2403,1326,trigram_jaccard,0.9120879120879121
2409,2264,trigram_jaccard,0.9222222222222223
18982,19177,trigram_jaccard,1.0
2210,2215,trigram_jaccard,0.9213483146067416
14349,14386,trigram_jaccard,1.0
14644,14645,trigram_jaccard,0.945054945054945
14200,18547,trigram_jaccard,0.9666666666666667
12542,12540,trigram_jaccard,0.946236559139785
13414,14478,trigram_jaccard,0.9361702127659575
13426,13316,trigram_jaccard,0.9148936170212766
13466,13550,trigram_jaccard,0.9130434782608695
19071,19341,trigram_jaccard,1.0
1778,2126,trigram_jaccard,0.978494623655914
8571,8599,trigram_jaccard,0.9270833333333334
10397,9923,trigram_jaccard,0.9473684210526315
18577,13719,trigram_jaccard,0.9072164948453608
14144,14198,trigram_jaccard,0.9072164948453608
19051,19307,trigram_jaccard,1.0
1648,2048,trigram_jaccard,1.0
2326,2474,trigram_jaccard,0.9375
13538,13543,trigram_jaccard,1.0
2199,2197,trigram_jaccard,0.9052631578947369
13538,13594,trigram_jaccard,0.9484536082474226
13543,13594,trigram_jaccard,0.9484536082474226
13538,13626,trigram_jaccard,0.9484536082474226
13543,13626,trigram_jaccard,0.9484536082474226
13594,13626,trigram_jaccard,1.0
13538,13637,trigram_jaccard,0.9484536082474226
13543,13637,trigram_jaccard,0.9484536082474226
13594,13637,trigram_jaccard,1.0
13626,13637,trigram_jaccard,1.0
1383,1120,trigram_jaccard,0.9090909090909091
2505,1502,trigram_jaccard,0.91
13686,18535,trigram_jaccard,0.9375
1593,1781,trigram_jaccard,0.94
1593,1829,trigram_jaccard,0.94
1781,1829,trigram_jaccard,0.94
1593,2374,trigram_jaccard,0.94
1781,2374,trigram_jaccard,0.94
1829,2374,trigram_jaccard,0.94
1593,2397,trigram_jaccard,0.94
1781,2397,trigram_jaccard,0.94
1829,2397,trigram_jaccard,0.94
2374,2397,trigram_jaccard,0.94
1602,2458,trigram_jaccard,0.9207920792079208
13751,14087,trigram_jaccard,0.9207920792079208
13672,14479,trigram_jaccard,1.0
14682,18461,trigram_jaccard,0.9191919191919192
2328,2476,trigram_jaccard,0.94
18575,13528,trigram_jaccard,0.9117647058823529
1721,1828,trigram_jaccard,0.9223300970873787
1592,2396,trigram_jaccard,0.9223300970873787
12964,18490,trigram_jaccard,0.9029126213592233
13614,14625,trigram_jaccard,0.92
13695,18566,trigram_jaccard,0.9215686274509803
19028,19263,trigram_jaccard,1.0
19079,19363,trigram_jaccard,0.9509803921568627
14703,14775,trigram_jaccard,0.9423076923076923
7964,8048,trigram_jaccard,1.0
18625,14223,trigram_jaccard,0.9158878504672897
1716,2260,trigram_jaccard,0.9711538461538461
1640,2357,trigram_jaccard,0.9809523809523809
18600,13083,trigram_jaccard,0.9166666666666666
6835,6837,trigram_jaccard,0.9454545454545454
2091,2097,trigram_jaccard,0.9285714285714286
14799,18646,trigram_jaccard,0.9292035398230089
8860,9032,trigram_jaccard,1.0
8860,9045,trigram_jaccard,0.9478260869565217
9032,9045,trigram_jaccard,0.9478260869565217
19149,18966,trigram_jaccard,0.9391304347826087
8226,7984,trigram_jaccard,0.911504424778761
7984,8064,trigram_jaccard,1.0
8226,8064,trigram_jaccard,0.911504424778761
1537,1996,trigram_jaccard,1.0
18970,19154,trigram_jaccard,1.0
8071,7996,trigram_jaccard,0.9576271186440678
14036,14039,trigram_jaccard,0.9090909090909091
14036,18467,trigram_jaccard,0.925
14036,13334,trigram_jaccard,0.9098360655737705
14039,13334,trigram_jaccard,0.9344262295081968
14522,14554,trigram_jaccard,1.0
7959,8843,trigram_jaccard,1.0
7959,8861,trigram_jaccard,1.0
8843,8861,trigram_jaccard,1.0
7959,9046,trigram_jaccard,0.9512195121951219
8843,9046,trigram_jaccard,0.9512195121951219
8861,9046,trigram_jaccard,0.9512195121951219
18584,14457,trigram_jaccard,0.9274193548387096
13018,18554,trigram_jaccard,0.905511811023622
13334,18660,trigram_jaccard,0.928
18467,18660,trigram_jaccard,0.912
13215,13152,trigram_jaccard,0.944
13537,13636,trigram_jaccard,0.9534883720930233
13029,13071,trigram_jaccard,0.9097222222222222
18542,13071,trigram_jaccard,0.9078014184397163
18610,13033,trigram_jaccard,0.9166666666666666
13593,13408,trigram_jaccard,0.9266666666666666
18611,12834,trigram_jaccard,0.9038461538461539
14630,18572,trigram_jaccard,0.9225806451612903
18462,12963,trigram_jaccard,0.9225806451612903
14519,14549,trigram_jaccard,0.9615384615384616
13123,18596,trigram_jaccard,0.925
14261,18619,trigram_jaccard,0.9806451612903225
13236,18558,trigram_jaccard,0.9447852760736196
18466,14381,trigram_jaccard,0.9454545454545454
12469,12471,trigram_jaccard,1.0
8227,7954,trigram_jaccard,0.9010989010989011
7954,8065,trigram_jaccard,1.0
8227,8065,trigram_jaccard,0.9010989010989011
7954,8038,trigram_jaccard,0.9528795811518325
8065,8038,trigram_jaccard,0.9528795811518325
14398,14418,trigram_jaccard,0.9693877551020408
18612,13658,trigram_jaccard,0.9230769230769231
8267,7958,trigram_jaccard,0.920704845814978
10056,10080,trigram_jaccard,0.9617021276595744
13216,13354,trigram_jaccard,0.9018567639257294
