field,value,n,accuracy,macro_f1,invalid_rate,classes_present
is_augmented,no,1732,0.6021939953810623,0.5382729411642045,0.0,3
is_augmented,yes,125,0.32,0.168768461713247,0.0,2
source,Comparative Agendas Project (CAP),127,0.4409448818897638,0.2040072859744991,0.0,1
source,GovReport Summarization,118,0.8050847457627118,0.4269647696476964,0.0,3
source,LSC Eviction Laws Database,32,0.59375,0.2638888888888889,0.0,2
source,Mapping Inequality: Redlining Data,168,0.5595238095238095,0.500514403292181,0.0,3
source,On the Books: Jim Crow Laws,210,0.5714285714285714,0.4805023132848645,0.0,3
source,Pile of Law,711,0.46554149085794655,0.3682430411975323,0.0,3
source,Social Bias Frames,491,0.7494908350305499,0.4853948065712772,0.0,3
register,formal,1366,0.5234260614934114,0.4761675768303962,0.0,3
register,informal,491,0.7494908350305499,0.4853948065712772,0.0,3
