field,value,n,accuracy,macro_f1,classes_present
is_augmented,no,1732,0.5993071593533488,0.4956208160847604,3
is_augmented,yes,125,0.176,0.10342457637160801,2
source,Comparative Agendas Project (CAP),127,0.1968503937007874,0.10964912280701755,1
source,GovReport Summarization,118,0.9322033898305084,0.45629629629629626,3
source,LSC Eviction Laws Database,32,0.59375,0.24836601307189543,2
source,Mapping Inequality: Redlining Data,168,0.5714285714285714,0.4143790849673203,3
source,On the Books: Jim Crow Laws,210,0.580952380952381,0.4398452648913054,3
source,Pile of Law,711,0.45288326300984527,0.3185459461360343,3
source,Social Bias Frames,491,0.745417515274949,0.40104466605215716,3
register,formal,1366,0.5080527086383602,0.4299633851030085,3
register,informal,491,0.745417515274949,0.40104466605215716,3
